IPs,milliseconds,PUTs,actualIPs,actualPUTs,reboots,entropy,cacheEntropy
13,3691349,499,13,49,3,0.105708245243129,0.134268537074148
1,9709,1,1,1,0,11,11
3,1122209,543,3,255,7,0.254491017964072,0.152854511970534
1,31149,119,1,108,5,1.12903225806452,0.453781512605042
1,27383,100,1,68,10,1.07142857142857,0.41
1,896,4,1,3,0,11,3.5
3,220871,601,3,161,2,0.416267942583732,0.0981697171381032
7,3091653,826,7,72,7,0.108757062146893,0.112590799031477
6,2154256,188,6,31,2,0.161111111111111,0.335106382978723
