IPs,milliseconds,PUTs,actualIPs,actualPUTs,reboots,entropy
13,3691349,499,13,49,3,0.040169133192389
1,9709,1,1,1,0,4
3,1122209,543,3,255,7,0.0958083832335329
1,31149,119,1,108,5,1.19354838709677
1,27383,100,1,68,10,1.21428571428571
1,896,4,1,3,0,4
3,220871,601,3,161,2,0.200956937799043
7,3091653,826,7,72,7,0.0663841807909605
6,2154256,188,6,31,2,0.1
