IPs,milliseconds,PUTs,actualIPs,actualPUTs,reboots,entropy,cacheEntropy
13,3691349,499,13,49,3,0.040169133192389,0.0701402805611222
1,9709,1,1,1,0,4,4
3,1122209,543,3,255,7,0.0958083832335329,0.0791896869244936
1,31149,119,1,108,5,1.19354838709677,0.285714285714286
1,27383,100,1,68,10,1.21428571428571,0.32
1,896,4,1,3,0,4,3.75
3,220871,601,3,161,2,0.200956937799043,0.0565723793677205
7,3091653,826,7,72,7,0.0663841807909605,0.0532687651331719
6,2154256,188,6,31,2,0.1,0.186170212765957
