IPs,milliseconds,PUTs,actualIPs,actualPUTs,reboots,entropy,cacheEntropy
13,3691349,499,13,49,3,0.0845665961945032,0.114228456913828
1,9709,1,1,1,0,1,1
3,1122209,543,3,255,7,0.224550898203593,0.134438305709024
1,31149,119,1,108,5,0.806451612903226,0.369747899159664
1,27383,100,1,68,10,0.714285714285714,0.31
1,896,4,1,3,0,1,1
3,220871,601,3,161,2,0.368421052631579,0.0815307820299501
7,3091653,826,7,72,7,0.0946327683615819,0.100484261501211
6,2154256,188,6,31,2,0.105555555555556,0.281914893617021
